date,n,weekday,temperature,sunshinetime,precipitation,rainy_day,Feiertage,holiday,businessday
2013-01-01,185,Tues,7.1,NA,2.8,TRUE,Neujahr,TRUE,FALSE
2013-01-02,1007,Wed,5.3,NA,2.4,TRUE,NA,FALSE,TRUE
2013-01-03,812,Thurs,7.1,NA,0.3,TRUE,NA,FALSE,TRUE
2013-01-04,771,Fri,6.4,NA,7.1,TRUE,NA,FALSE,FALSE
2013-01-05,721,Sat,5.0,NA,0.2,TRUE,NA,FALSE,FALSE
2013-01-06,349,Sun,5.1,NA,1.3,TRUE,NA,FALSE,TRUE
2013-01-07,1265,Mon,4.6,NA,5.2,TRUE,NA,FALSE,TRUE
2013-01-08,926,Tues,5.6,NA,2.1,TRUE,NA,FALSE,TRUE
2013-01-09,892,Wed,6.2,NA,11.5,TRUE,NA,FALSE,TRUE
2013-01-10,880,Thurs,2.2,NA,2.8,TRUE,NA,FALSE,TRUE
2013-01-11,695,Fri,0.4,NA,0.3,TRUE,NA,FALSE,FALSE
2013-01-12,279,Sat,-0.2,NA,8.7,TRUE,NA,FALSE,FALSE
2013-01-13,190,Sun,-1.4,NA,0.0,FALSE,NA,FALSE,TRUE
2013-01-14,560,Mon,-5.0,NA,0.4,TRUE,NA,FALSE,TRUE
2013-01-15,523,Tues,-5.5,NA,0.0,FALSE,NA,FALSE,TRUE
2013-01-16,641,Wed,-3.4,NA,0.0,FALSE,NA,FALSE,TRUE
2013-01-17,597,Thurs,0.3,NA,0.5,TRUE,NA,FALSE,TRUE
2013-01-18,631,Fri,-0.7,NA,0.1,TRUE,NA,FALSE,FALSE
2013-01-19,417,Sat,-3.6,NA,0.0,FALSE,NA,FALSE,FALSE
2013-01-20,210,Sun,-2.5,NA,0.0,FALSE,NA,FALSE,TRUE
2013-01-21,746,Mon,-2.6,NA,0.0,FALSE,NA,FALSE,TRUE
2013-01-22,692,Tues,-2.5,NA,0.0,FALSE,NA,FALSE,TRUE
2013-01-23,759,Wed,-0.9,NA,0.0,FALSE,NA,FALSE,TRUE
2013-01-24,742,Thurs,-0.1,NA,0.0,FALSE,NA,FALSE,TRUE
2013-01-25,796,Fri,-2.4,NA,0.0,FALSE,NA,FALSE,FALSE
2013-01-26,352,Sat,-6.5,NA,2.6,TRUE,NA,FALSE,FALSE
2013-01-27,118,Sun,0.3,NA,4.3,TRUE,NA,FALSE,TRUE
2013-01-28,598,Mon,2.7,NA,1.1,TRUE,NA,FALSE,TRUE
2013-01-29,752,Tues,4.9,NA,11.9,TRUE,NA,FALSE,TRUE
2013-01-30,661,Wed,7.6,NA,11.6,TRUE,NA,FALSE,TRUE
2013-01-31,595,Thurs,5.9,NA,6.9,TRUE,NA,FALSE,TRUE
2013-02-01,789,Fri,4.7,NA,3.0,TRUE,NA,FALSE,FALSE
2013-02-02,402,Sat,1.5,NA,0.1,TRUE,NA,FALSE,FALSE
2013-02-03,317,Sun,1.4,NA,2.4,TRUE,NA,FALSE,TRUE
2013-02-04,699,Mon,3.7,NA,4.5,TRUE,NA,FALSE,TRUE
2013-02-05,639,Tues,2.1,NA,1.9,TRUE,NA,FALSE,TRUE
2013-02-06,627,Wed,1.1,NA,4.2,TRUE,NA,FALSE,TRUE
2013-02-07,559,Thurs,0.8,NA,0.2,TRUE,NA,FALSE,TRUE
2013-02-08,604,Fri,0.6,NA,2.7,TRUE,NA,FALSE,FALSE
2013-02-09,257,Sat,-1.1,NA,1.3,TRUE,NA,FALSE,FALSE
2013-02-10,198,Sun,-2.2,NA,0.0,FALSE,NA,FALSE,TRUE
2013-02-11,703,Mon,-2.5,NA,0.0,FALSE,NA,FALSE,TRUE
2013-02-12,641,Tues,-0.1,NA,0.5,TRUE,NA,FALSE,TRUE
2013-02-13,688,Wed,-0.7,NA,0.0,FALSE,NA,FALSE,TRUE
2013-02-14,700,Thurs,-0.7,NA,0.0,FALSE,NA,FALSE,TRUE
2013-02-15,737,Fri,0.4,NA,0.0,FALSE,NA,FALSE,FALSE
2013-02-16,443,Sat,1.0,NA,0.0,FALSE,NA,FALSE,FALSE
2013-02-17,361,Sun,1.0,NA,0.0,FALSE,NA,FALSE,TRUE
2013-02-18,959,Mon,0.9,NA,8.9,TRUE,NA,FALSE,TRUE
2013-02-19,744,Tues,0.9,NA,0.0,FALSE,NA,FALSE,TRUE
2013-02-20,544,Wed,-0.6,NA,3.8,TRUE,NA,FALSE,TRUE
2013-02-21,488,Thurs,-0.8,NA,3.7,TRUE,NA,FALSE,TRUE
2013-02-22,531,Fri,-1.9,NA,0.0,FALSE,NA,FALSE,FALSE
2013-02-23,323,Sat,0.0,NA,0.2,TRUE,NA,FALSE,FALSE
2013-02-24,253,Sun,1.3,NA,0.6,TRUE,NA,FALSE,TRUE
2013-02-25,912,Mon,1.8,NA,0.1,TRUE,NA,FALSE,TRUE
2013-02-26,1006,Tues,1.6,NA,0.0,FALSE,NA,FALSE,TRUE
2013-02-27,1125,Wed,0.7,NA,0.0,FALSE,NA,FALSE,TRUE
2013-02-28,1038,Thurs,0.7,NA,0.0,FALSE,NA,FALSE,TRUE
2013-03-01,1195,Fri,2.0,9.1,0.0,FALSE,NA,FALSE,FALSE
2013-03-02,698,Sat,1.9,4.2,0.0,FALSE,NA,FALSE,FALSE
2013-03-03,758,Sun,2.4,9.1,0.0,FALSE,NA,FALSE,TRUE
2013-03-04,1481,Mon,1.9,9.3,0.0,FALSE,NA,FALSE,TRUE
2013-03-05,1653,Tues,5.6,10.1,0.0,FALSE,NA,FALSE,TRUE
2013-03-06,1687,Wed,3.6,9.9,0.0,FALSE,NA,FALSE,TRUE
2013-03-07,1262,Thurs,3.1,3.2,0.0,FALSE,NA,FALSE,TRUE
2013-03-08,950,Fri,1.8,3.5,0.0,FALSE,NA,FALSE,FALSE
2013-03-09,492,Sat,0.4,1.3,5.5,TRUE,NA,FALSE,FALSE
2013-03-10,106,Sun,-2.5,0.2,2.2,TRUE,NA,FALSE,TRUE
2013-03-11,369,Mon,-2.7,0.3,0.2,TRUE,NA,FALSE,TRUE
2013-03-12,591,Tues,-2.9,6.8,0.0,FALSE,NA,FALSE,TRUE
2013-03-13,703,Wed,-3.1,7.9,0.0,FALSE,NA,FALSE,TRUE
2013-03-14,667,Thurs,-1.5,4.6,0.1,TRUE,NA,FALSE,TRUE
2013-03-15,757,Fri,-1.6,8.8,0.0,FALSE,NA,FALSE,FALSE
2013-03-16,529,Sat,-0.7,8.0,0.0,FALSE,NA,FALSE,FALSE
2013-03-17,348,Sun,0.1,4.7,0.0,FALSE,NA,FALSE,TRUE
2013-03-18,536,Mon,-1.0,0.0,3.5,TRUE,NA,FALSE,TRUE
2013-03-19,387,Tues,-1.2,0.0,9.6,TRUE,NA,FALSE,TRUE
2013-03-20,290,Wed,-0.7,0.0,0.8,TRUE,NA,FALSE,TRUE
2013-03-21,459,Thurs,-0.8,3.1,0.8,TRUE,NA,FALSE,TRUE
2013-03-22,506,Fri,-2.3,5.8,0.2,TRUE,NA,FALSE,FALSE
2013-03-23,280,Sat,-3.6,10.9,0.1,TRUE,NA,FALSE,FALSE
2013-03-24,294,Sun,-2.0,4.6,0.0,FALSE,NA,FALSE,TRUE
2013-03-25,823,Mon,-1.2,5.5,0.0,FALSE,NA,FALSE,TRUE
2013-03-26,846,Tues,-0.4,4.3,0.0,FALSE,NA,FALSE,TRUE
2013-03-27,930,Wed,-0.1,9.6,0.0,FALSE,NA,FALSE,TRUE
2013-03-28,898,Thurs,0.5,5.6,0.5,TRUE,NA,FALSE,TRUE
2013-03-29,235,Fri,-0.1,0.0,1.0,TRUE,Karfreitag,TRUE,FALSE
2013-03-30,430,Sat,0.0,0.0,0.5,TRUE,NA,FALSE,FALSE
2013-04-01,637,Mon,0.8,12.2,0.0,FALSE,Ostermontag,TRUE,FALSE
2013-04-02,1396,Tues,0.8,12.7,0.0,FALSE,NA,FALSE,TRUE
2013-04-03,1310,Wed,1.3,11.0,0.0,FALSE,NA,FALSE,TRUE
2013-04-04,1235,Thurs,1.7,10.6,0.0,FALSE,NA,FALSE,TRUE
2013-04-05,880,Fri,1.4,0.0,1.1,TRUE,NA,FALSE,FALSE
2013-04-06,1057,Sat,2.4,12.1,0.0,FALSE,NA,FALSE,FALSE
2013-04-07,756,Sun,3.5,7.3,1.1,TRUE,NA,FALSE,TRUE
2013-04-08,1575,Mon,2.0,8.0,0.0,FALSE,NA,FALSE,TRUE
2013-04-09,1642,Tues,4.2,9.9,0.0,FALSE,NA,FALSE,TRUE
2013-04-10,1500,Wed,5.2,0.0,1.1,TRUE,NA,FALSE,TRUE
2013-04-11,1304,Thurs,6.5,0.0,3.0,TRUE,NA,FALSE,TRUE
2013-04-12,1555,Fri,7.7,1.6,0.2,TRUE,NA,FALSE,FALSE
2013-04-13,545,Sat,6.2,0.0,2.8,TRUE,NA,FALSE,FALSE
2013-04-14,1595,Sun,11.5,7.8,0.0,FALSE,NA,FALSE,TRUE
2013-04-15,2591,Mon,13.9,9.4,6.4,TRUE,NA,FALSE,TRUE
2013-04-16,2264,Tues,12.0,3.8,0.0,FALSE,NA,FALSE,TRUE
2013-04-17,2671,Wed,12.6,8.5,0.0,FALSE,NA,FALSE,TRUE
2013-04-18,2434,Thurs,13.8,8.0,0.0,FALSE,NA,FALSE,TRUE
2013-04-19,1899,Fri,9.0,8.5,0.0,FALSE,NA,FALSE,FALSE
2013-04-20,1429,Sat,5.4,13.5,0.0,FALSE,NA,FALSE,FALSE
2013-04-21,1583,Sun,8.9,11.1,0.0,FALSE,NA,FALSE,TRUE
2013-04-22,3091,Mon,9.4,4.4,0.0,FALSE,NA,FALSE,TRUE
2013-04-23,2293,Tues,10.0,1.4,0.0,FALSE,NA,FALSE,TRUE
2013-04-24,2688,Wed,12.6,9.1,0.0,FALSE,NA,FALSE,TRUE
2013-04-25,2584,Thurs,9.7,10.6,0.0,FALSE,NA,FALSE,TRUE
2013-04-26,1406,Fri,8.5,0.0,12.6,TRUE,NA,FALSE,FALSE
2013-04-27,1176,Sat,6.9,6.9,0.0,FALSE,NA,FALSE,FALSE
2013-04-28,1717,Sun,7.2,11.9,0.0,FALSE,NA,FALSE,TRUE
2013-04-29,2235,Mon,9.9,5.2,0.0,FALSE,NA,FALSE,TRUE
2013-04-30,2473,Tues,8.6,10.9,0.0,FALSE,NA,FALSE,TRUE
2013-05-01,2385,Wed,7.7,13.5,0.0,FALSE,Maifeiertag,TRUE,FALSE
2013-05-02,2417,Thurs,8.8,7.2,0.0,FALSE,NA,FALSE,TRUE
2013-05-03,2686,Fri,8.6,14.6,0.0,FALSE,NA,FALSE,FALSE
2013-05-04,2082,Sat,13.1,12.6,0.0,FALSE,NA,FALSE,FALSE
2013-05-05,1916,Sun,11.8,14.2,0.0,FALSE,NA,FALSE,TRUE
2013-05-06,3039,Mon,14.5,8.2,0.0,FALSE,NA,FALSE,TRUE
2013-05-07,3163,Tues,14.6,9.2,2.0,TRUE,NA,FALSE,TRUE
2013-05-08,3058,Wed,16.9,4.3,0.0,FALSE,NA,FALSE,TRUE
2013-05-09,2148,Thurs,14.5,3.1,12.8,TRUE,Christi Himmelfahrt,TRUE,FALSE
2013-05-10,1909,Fri,13.3,4.7,0.1,TRUE,NA,FALSE,FALSE
2013-05-11,1363,Sat,13.3,0.7,0.3,TRUE,NA,FALSE,FALSE
2013-05-12,1090,Sun,10.5,3.3,0.1,TRUE,NA,FALSE,TRUE
2013-05-13,2428,Mon,10.6,6.2,4.2,TRUE,NA,FALSE,TRUE
2013-05-14,2383,Tues,10.8,6.1,0.2,TRUE,NA,FALSE,TRUE
2013-05-15,3108,Wed,17.9,13.6,0.0,FALSE,NA,FALSE,TRUE
2013-05-16,3245,Thurs,18.4,11.6,0.0,FALSE,NA,FALSE,TRUE
2013-05-17,2833,Fri,21.1,10.3,0.0,FALSE,NA,FALSE,FALSE
2013-05-18,1286,Sat,16.4,4.2,11.8,TRUE,NA,FALSE,FALSE
2013-05-19,1153,Sun,12.0,0.0,0.0,FALSE,NA,FALSE,TRUE
2013-05-20,1306,Mon,12.5,1.1,2.5,TRUE,Pfingstmontag,TRUE,FALSE
2013-05-21,1470,Tues,13.0,0.0,2.3,TRUE,NA,FALSE,TRUE
2013-05-22,977,Wed,10.0,0.0,29.5,TRUE,NA,FALSE,TRUE
2013-05-23,2385,Thurs,8.9,8.5,0.0,FALSE,NA,FALSE,TRUE
2013-05-24,2514,Fri,10.9,15.1,3.6,TRUE,NA,FALSE,FALSE
2013-05-25,515,Sat,11.1,0.0,22.0,TRUE,NA,FALSE,FALSE
2013-05-26,459,Sun,11.2,0.1,9.0,TRUE,NA,FALSE,TRUE
2013-05-27,2963,Mon,12.2,14.2,0.0,FALSE,NA,FALSE,TRUE
2013-05-28,2463,Tues,11.8,2.3,3.0,TRUE,NA,FALSE,TRUE
2013-05-29,1980,Wed,14.2,5.5,6.7,TRUE,NA,FALSE,TRUE
2013-05-30,2779,Thurs,12.9,8.0,0.0,FALSE,NA,FALSE,TRUE
2013-05-31,2633,Fri,12.4,8.7,0.0,FALSE,NA,FALSE,FALSE
2013-06-01,2109,Sat,13.8,11.3,0.9,TRUE,NA,FALSE,FALSE
2013-06-02,891,Sun,12.4,1.7,0.0,FALSE,NA,FALSE,TRUE
2013-06-03,2684,Mon,12.5,11.7,0.0,FALSE,NA,FALSE,TRUE
2013-06-04,3196,Tues,14.0,10.9,0.0,FALSE,NA,FALSE,TRUE
2013-06-05,3405,Wed,14.5,16.1,0.0,FALSE,NA,FALSE,TRUE
2013-06-06,3708,Thurs,14.9,16.4,0.0,FALSE,NA,FALSE,TRUE
2013-06-07,3374,Fri,14.9,16.3,0.0,FALSE,NA,FALSE,FALSE
2013-06-08,2425,Sat,14.6,14.9,0.0,FALSE,NA,FALSE,FALSE
2013-06-09,1641,Sun,13.6,6.5,0.0,FALSE,NA,FALSE,TRUE
2013-06-10,3411,Mon,15.2,15.1,0.0,FALSE,NA,FALSE,TRUE
2013-06-11,3386,Tues,14.5,8.8,0.0,FALSE,NA,FALSE,TRUE
2013-06-12,3591,Wed,18.1,12.6,0.5,TRUE,NA,FALSE,TRUE
2013-06-13,2034,Thurs,18.3,1.6,22.5,TRUE,NA,FALSE,TRUE
2013-06-14,2073,Fri,15.4,8.2,0.0,FALSE,NA,FALSE,FALSE
2013-06-15,1801,Sat,16.3,11.2,4.4,TRUE,NA,FALSE,FALSE
2013-06-16,1413,Sun,14.9,8.6,0.1,TRUE,NA,FALSE,TRUE
2013-06-17,2110,Mon,14.9,10.0,0.0,FALSE,NA,FALSE,TRUE
2013-06-18,3521,Tues,17.8,10.2,0.0,FALSE,NA,FALSE,TRUE
2013-06-19,3577,Wed,23.2,11.2,16.7,TRUE,NA,FALSE,TRUE
2013-06-20,3137,Thurs,19.4,11.6,3.4,TRUE,NA,FALSE,TRUE
2013-06-21,2540,Fri,20.2,5.8,0.9,TRUE,NA,FALSE,FALSE
2013-06-22,2112,Sat,19.1,6.2,0.7,TRUE,NA,FALSE,FALSE
2013-06-23,1709,Sun,17.9,5.0,0.0,FALSE,NA,FALSE,TRUE
2013-06-24,2992,Mon,15.7,8.5,2.3,TRUE,NA,FALSE,TRUE
2013-06-25,2333,Tues,15.0,0.0,13.1,TRUE,NA,FALSE,TRUE
2013-06-26,1799,Wed,14.2,2.3,0.0,FALSE,NA,FALSE,TRUE
2013-06-27,2488,Thurs,13.2,3.1,0.1,TRUE,NA,FALSE,TRUE
2013-06-28,2569,Fri,14.2,6.1,2.3,TRUE,NA,FALSE,FALSE
2013-06-29,927,Sat,14.0,2.7,1.6,TRUE,NA,FALSE,FALSE
2013-06-30,1095,Sun,13.6,3.3,2.2,TRUE,NA,FALSE,TRUE
2013-07-01,2623,Mon,16.4,6.3,0.0,FALSE,NA,FALSE,TRUE
2013-07-02,3261,Tues,15.4,10.5,0.0,FALSE,NA,FALSE,TRUE
2013-07-03,2717,Wed,19.2,2.1,0.0,FALSE,NA,FALSE,TRUE
2013-07-04,2525,Thurs,17.7,1.9,0.0,FALSE,NA,FALSE,TRUE
2013-07-05,2989,Fri,17.9,9.5,0.0,FALSE,NA,FALSE,FALSE
2013-07-06,2624,Sat,16.8,15.7,0.0,FALSE,NA,FALSE,FALSE
2013-07-07,2245,Sun,18.3,15.8,0.0,FALSE,NA,FALSE,TRUE
2013-07-08,3511,Mon,18.7,15.4,0.0,FALSE,NA,FALSE,TRUE
2013-07-09,3626,Tues,19.0,14.8,0.0,FALSE,NA,FALSE,TRUE
2013-07-10,2721,Wed,17.7,7.7,0.0,FALSE,NA,FALSE,TRUE
2013-07-11,3401,Thurs,18.7,12.5,0.0,FALSE,NA,FALSE,TRUE
2013-07-12,3344,Fri,18.3,14.7,0.0,FALSE,NA,FALSE,FALSE
2013-07-13,2251,Sat,18.1,7.7,0.0,FALSE,NA,FALSE,FALSE
2013-07-14,1365,Sun,17.0,5.0,0.0,FALSE,NA,FALSE,TRUE
2013-07-15,2937,Mon,17.2,10.0,0.0,FALSE,NA,FALSE,TRUE
2013-07-16,3321,Tues,18.2,10.2,0.0,FALSE,NA,FALSE,TRUE
2013-07-17,3361,Wed,19.1,13.4,0.0,FALSE,NA,FALSE,TRUE
2013-07-18,3403,Thurs,19.9,15.2,0.0,FALSE,NA,FALSE,TRUE
2013-07-19,2660,Fri,19.1,5.8,0.0,FALSE,NA,FALSE,FALSE
2013-07-20,2623,Sat,19.9,15.7,0.0,FALSE,NA,FALSE,FALSE
2013-07-21,2153,Sun,21.2,15.6,0.0,FALSE,NA,FALSE,TRUE
2013-07-22,3368,Mon,20.9,14.7,0.0,FALSE,NA,FALSE,TRUE
2013-07-23,3368,Tues,21.4,15.4,0.0,FALSE,NA,FALSE,TRUE
2013-07-24,3299,Wed,20.2,13.9,4.1,TRUE,NA,FALSE,TRUE
2013-07-25,2805,Thurs,20.1,7.2,7.0,TRUE,NA,FALSE,TRUE
2013-07-26,3111,Fri,21.7,7.7,0.0,FALSE,NA,FALSE,FALSE
2013-07-27,2280,Sat,23.1,11.6,0.1,TRUE,NA,FALSE,FALSE
2013-07-28,1766,Sun,23.2,7.5,0.6,TRUE,NA,FALSE,TRUE
2013-07-29,2594,Mon,19.6,1.4,0.7,TRUE,NA,FALSE,TRUE
2013-07-30,3084,Tues,20.2,8.6,2.4,TRUE,NA,FALSE,TRUE
2013-07-31,2636,Wed,18.5,9.9,0.2,TRUE,NA,FALSE,TRUE
2013-08-01,3139,Thurs,19.7,2.0,0.1,TRUE,NA,FALSE,TRUE
2013-08-02,3027,Fri,25.6,15.0,0.0,FALSE,NA,FALSE,FALSE
2013-08-03,2139,Sat,22.9,10.3,0.9,TRUE,NA,FALSE,FALSE
2013-08-04,2101,Sun,20.0,8.9,0.0,FALSE,NA,FALSE,TRUE
2013-08-05,3485,Mon,22.3,12.1,0.8,TRUE,NA,FALSE,TRUE
2013-08-06,3276,Tues,21.8,10.9,0.8,TRUE,NA,FALSE,TRUE
2013-08-07,3349,Wed,19.7,7.2,0.1,TRUE,NA,FALSE,TRUE
2013-08-08,3614,Thurs,19.6,0.4,0.2,TRUE,NA,FALSE,TRUE
2013-08-09,4218,Fri,18.3,10.9,0.0,FALSE,NA,FALSE,FALSE
2013-08-10,3156,Sat,18.5,5.0,4.5,TRUE,NA,FALSE,FALSE
2013-08-11,2710,Sun,16.3,5.3,1.7,TRUE,NA,FALSE,TRUE
2013-08-12,3033,Mon,16.2,6.4,0.0,FALSE,NA,FALSE,TRUE
2013-08-13,2936,Tues,16.0,7.9,0.4,TRUE,NA,FALSE,TRUE
2013-08-14,2607,Wed,17.0,9.2,0.0,FALSE,NA,FALSE,TRUE
2013-08-15,3199,Thurs,17.2,8.7,0.0,FALSE,NA,FALSE,TRUE
2013-08-16,3024,Fri,21.5,7.3,0.0,FALSE,NA,FALSE,FALSE
2013-08-17,2025,Sat,19.1,5.9,0.3,TRUE,NA,FALSE,FALSE
2013-08-18,1154,Sun,19.4,2.3,4.5,TRUE,NA,FALSE,TRUE
2013-08-19,2901,Mon,17.4,2.4,1.4,TRUE,NA,FALSE,TRUE
2013-08-20,3247,Tues,17.3,9.1,0.0,FALSE,NA,FALSE,TRUE
2013-08-21,3335,Wed,16.7,12.1,0.0,FALSE,NA,FALSE,TRUE
2013-08-22,3278,Thurs,18.1,6.6,0.0,FALSE,NA,FALSE,TRUE
2013-08-23,3147,Fri,18.2,10.7,0.0,FALSE,NA,FALSE,FALSE
2013-08-24,2333,Sat,17.4,12.8,0.0,FALSE,NA,FALSE,FALSE
2013-08-25,1937,Sun,18.5,12.5,0.0,FALSE,NA,FALSE,TRUE
2013-08-26,3356,Mon,17.7,13.1,0.0,FALSE,NA,FALSE,TRUE
2013-08-27,3396,Tues,16.8,8.0,0.0,FALSE,NA,FALSE,TRUE
2013-08-28,3217,Wed,16.9,10.8,0.0,FALSE,NA,FALSE,TRUE
2013-08-29,3256,Thurs,17.1,11.1,0.0,FALSE,NA,FALSE,TRUE
2013-08-30,3087,Fri,17.7,7.1,0.0,FALSE,NA,FALSE,FALSE
2013-08-31,1594,Sat,17.7,2.8,2.9,TRUE,NA,FALSE,FALSE
2013-09-01,1017,Sun,15.6,5.0,3.5,TRUE,NA,FALSE,TRUE
2013-09-02,1016,Mon,15.6,0.0,14.4,TRUE,NA,FALSE,TRUE
2013-09-03,2006,Tues,16.7,1.0,0.0,FALSE,NA,FALSE,TRUE
2013-09-04,2889,Wed,16.2,6.3,0.0,FALSE,NA,FALSE,TRUE
2013-09-05,3209,Thurs,18.2,12.4,0.0,FALSE,NA,FALSE,TRUE
2013-09-06,3001,Fri,19.7,12.8,0.0,FALSE,NA,FALSE,FALSE
2013-09-07,2244,Sat,19.5,11.4,0.0,FALSE,NA,FALSE,FALSE
2013-09-08,1365,Sun,18.6,4.0,15.4,TRUE,NA,FALSE,TRUE
2013-09-09,982,Mon,13.6,0.0,18.3,TRUE,NA,FALSE,TRUE
2013-09-10,1861,Tues,12.5,2.5,1.8,TRUE,NA,FALSE,TRUE
2013-09-11,2024,Wed,13.4,0.5,0.0,FALSE,NA,FALSE,TRUE
2013-09-12,2663,Thurs,14.3,12.1,0.0,FALSE,NA,FALSE,TRUE
2013-09-13,2603,Fri,14.3,9.9,0.0,FALSE,NA,FALSE,FALSE
2013-09-14,1888,Sat,15.8,8.5,1.9,TRUE,NA,FALSE,FALSE
2013-09-15,1174,Sun,14.9,3.7,1.2,TRUE,NA,FALSE,TRUE
2013-09-16,1578,Mon,12.7,4.0,0.6,TRUE,NA,FALSE,TRUE
2013-09-17,2405,Tues,11.2,7.9,1.4,TRUE,NA,FALSE,TRUE
2013-09-18,1372,Wed,9.6,0.1,4.4,TRUE,NA,FALSE,TRUE
2013-09-19,1850,Thurs,11.1,4.5,10.5,TRUE,NA,FALSE,TRUE
2013-09-20,1681,Fri,11.6,0.0,0.1,TRUE,NA,FALSE,FALSE
2013-09-21,1499,Sat,14.0,4.2,0.0,FALSE,NA,FALSE,FALSE
2013-09-22,943,Sun,15.4,4.4,0.0,FALSE,NA,FALSE,TRUE
2013-09-23,1897,Mon,15.5,0.0,0.2,TRUE,NA,FALSE,TRUE
2013-09-24,2177,Tues,14.0,1.2,0.0,FALSE,NA,FALSE,TRUE
2013-09-25,2085,Wed,10.9,0.7,9.7,TRUE,NA,FALSE,TRUE
2013-09-26,1918,Thurs,11.1,8.5,1.8,TRUE,NA,FALSE,TRUE
2013-09-27,1815,Fri,12.1,2.6,1.1,TRUE,NA,FALSE,FALSE
2013-09-28,1519,Sat,10.6,10.3,0.0,FALSE,NA,FALSE,FALSE
2013-09-29,1358,Sun,10.6,9.4,0.0,FALSE,NA,FALSE,TRUE
2013-09-30,2327,Mon,10.1,10.2,0.0,FALSE,NA,FALSE,TRUE
2013-10-01,2378,Tues,10.4,10.1,0.0,FALSE,NA,FALSE,TRUE
2013-10-02,2193,Wed,9.2,10.4,0.0,FALSE,NA,FALSE,TRUE
2013-10-03,1108,Thurs,8.0,10.3,0.0,FALSE,Tag der Deutschen Einheit,TRUE,FALSE
2013-10-04,1499,Fri,9.7,7.4,0.3,TRUE,NA,FALSE,FALSE
2013-10-05,1092,Sat,12.5,NA,0.0,FALSE,NA,FALSE,FALSE
2013-10-06,1342,Sun,13.1,7.0,0.0,FALSE,NA,FALSE,TRUE
2013-10-07,2383,Mon,12.8,9.0,0.0,FALSE,NA,FALSE,TRUE
2013-10-08,2531,Tues,12.4,1.6,0.1,TRUE,NA,FALSE,TRUE
2013-10-09,1823,Wed,13.7,1.4,0.8,TRUE,NA,FALSE,TRUE
2013-10-10,1662,Thurs,10.7,0.0,0.9,TRUE,NA,FALSE,TRUE
2013-10-11,1691,Fri,13.6,3.7,0.0,FALSE,NA,FALSE,FALSE
2013-10-12,830,Sat,13.1,0.0,9.1,TRUE,NA,FALSE,FALSE
2013-10-13,819,Sun,10.2,1.7,0.0,FALSE,NA,FALSE,TRUE
2013-10-14,2068,Mon,10.2,7.5,0.0,FALSE,NA,FALSE,TRUE
2013-10-15,1341,Tues,10.1,0.2,11.2,TRUE,NA,FALSE,TRUE
2013-10-16,1843,Wed,9.7,3.3,0.1,TRUE,NA,FALSE,TRUE
2013-10-17,1177,Thurs,11.0,0.7,7.6,TRUE,NA,FALSE,TRUE
2013-10-18,1510,Fri,9.0,5.6,0.0,FALSE,NA,FALSE,FALSE
2013-10-19,1095,Sat,7.1,0.6,2.5,TRUE,NA,FALSE,FALSE
2013-10-20,915,Sun,14.2,1.2,10.6,TRUE,NA,FALSE,TRUE
2013-10-21,1708,Mon,13.8,4.3,0.1,TRUE,NA,FALSE,TRUE
2013-10-22,2502,Tues,16.1,7.4,0.1,TRUE,NA,FALSE,TRUE
2013-10-23,2204,Wed,16.5,0.4,0.0,FALSE,NA,FALSE,TRUE
2013-10-24,2242,Thurs,12.2,8.1,0.0,FALSE,NA,FALSE,TRUE
2013-10-25,1652,Fri,10.7,1.0,0.7,TRUE,NA,FALSE,FALSE
2013-10-26,1158,Sat,15.4,4.1,0.0,FALSE,NA,FALSE,FALSE
2013-10-27,1136,Sun,14.9,4.0,0.6,TRUE,NA,FALSE,TRUE
2013-10-28,2142,Mon,13.9,0.9,3.4,TRUE,NA,FALSE,TRUE
2013-10-29,2215,Tues,11.0,0.9,0.2,TRUE,NA,FALSE,TRUE
2013-10-30,2036,Wed,9.2,4.2,0.0,FALSE,NA,FALSE,TRUE
2013-10-31,1578,Thurs,8.7,7.0,2.7,TRUE,Reformationstag,TRUE,FALSE
2013-11-01,1608,Fri,10.2,1.3,0.1,TRUE,NA,FALSE,FALSE
2013-11-02,1068,Sat,8.7,0.0,9.7,TRUE,NA,FALSE,FALSE
2013-11-03,1070,Sun,9.4,2.4,0.7,TRUE,NA,FALSE,TRUE
2013-11-04,2099,Mon,7.7,0.0,14.1,TRUE,NA,FALSE,TRUE
2013-11-05,2179,Tues,7.6,6.3,1.6,TRUE,NA,FALSE,TRUE
2013-11-06,1997,Wed,6.7,2.1,5.1,TRUE,NA,FALSE,TRUE
2013-11-07,1689,Thurs,8.0,1.3,0.6,TRUE,NA,FALSE,TRUE
2013-11-08,1737,Fri,8.0,5.6,0.5,TRUE,NA,FALSE,FALSE
2013-11-09,673,Sat,8.4,1.2,4.6,TRUE,NA,FALSE,FALSE
2013-11-10,377,Sun,7.2,0.5,4.6,TRUE,NA,FALSE,TRUE
2013-11-11,1774,Mon,7.4,4.2,0.0,FALSE,NA,FALSE,TRUE
2013-11-12,1478,Tues,6.3,0.0,1.7,TRUE,NA,FALSE,TRUE
2013-11-13,1884,Wed,8.0,7.3,0.0,FALSE,NA,FALSE,TRUE
2013-11-14,1766,Thurs,5.1,1.7,0.0,FALSE,NA,FALSE,TRUE
2013-11-15,1432,Fri,2.5,3.0,0.0,FALSE,NA,FALSE,FALSE
2013-11-16,910,Sat,7.3,0.0,0.0,FALSE,NA,FALSE,FALSE
2013-11-17,812,Sun,8.0,2.6,0.0,FALSE,NA,FALSE,TRUE
2013-11-18,1627,Mon,6.0,0.0,0.0,FALSE,NA,FALSE,TRUE
2013-11-19,1553,Tues,5.6,0.0,0.4,TRUE,NA,FALSE,TRUE
2013-11-20,1510,Wed,6.3,0.0,0.0,FALSE,NA,FALSE,TRUE
2013-11-21,1762,Thurs,5.2,4.3,0.0,FALSE,NA,FALSE,TRUE
2013-11-22,1486,Fri,6.2,0.0,0.0,FALSE,NA,FALSE,FALSE
2013-11-23,930,Sat,6.5,4.8,0.1,TRUE,NA,FALSE,FALSE
2013-11-24,562,Sun,5.9,5.0,0.0,FALSE,NA,FALSE,TRUE
2013-11-25,1567,Mon,4.7,7.5,0.0,FALSE,NA,FALSE,TRUE
2013-11-26,1665,Tues,3.2,6.0,0.1,TRUE,NA,FALSE,TRUE
2013-11-27,1239,Wed,5.2,0.0,0.4,TRUE,NA,FALSE,TRUE
2013-11-28,1385,Thurs,7.8,6.3,0.0,FALSE,NA,FALSE,TRUE
2013-11-29,1048,Fri,5.9,NA,6.8,TRUE,NA,FALSE,FALSE
2013-11-30,662,Sat,5.6,0.0,1.2,TRUE,NA,FALSE,FALSE
2013-12-01,440,Sun,7.2,1.2,0.0,FALSE,NA,FALSE,TRUE
2013-12-02,1601,Mon,3.4,5.1,0.0,FALSE,NA,FALSE,TRUE
2013-12-03,1513,Tues,1.4,0.0,0.0,FALSE,NA,FALSE,TRUE
2013-12-04,1242,Wed,5.0,0.0,1.7,TRUE,NA,FALSE,TRUE
2013-12-05,691,Thurs,3.7,0.1,4.2,TRUE,NA,FALSE,TRUE
2013-12-06,286,Fri,3.8,1.0,0.0,FALSE,NA,FALSE,FALSE
2013-12-07,495,Sat,2.8,2.4,0.2,TRUE,NA,FALSE,FALSE
2013-12-08,255,Sun,4.3,0.0,11.1,TRUE,NA,FALSE,TRUE
2013-12-09,824,Mon,7.4,0.0,5.3,TRUE,NA,FALSE,TRUE
2013-12-10,1252,Tues,7.7,0.0,0.9,TRUE,NA,FALSE,TRUE
2013-12-11,1474,Wed,4.8,0.0,0.0,FALSE,NA,FALSE,TRUE
2013-12-12,1391,Thurs,1.9,0.0,0.0,FALSE,NA,FALSE,TRUE
2013-12-13,1089,Fri,3.0,0.0,1.5,TRUE,NA,FALSE,FALSE
2013-12-14,742,Sat,2.8,0.0,0.1,TRUE,NA,FALSE,FALSE
2013-12-15,347,Sun,6.2,0.0,1.2,TRUE,NA,FALSE,TRUE
2013-12-16,1487,Mon,7.3,1.7,0.0,FALSE,NA,FALSE,TRUE
2013-12-17,1448,Tues,6.4,0.0,0.2,TRUE,NA,FALSE,TRUE
2013-12-18,1562,Wed,4.8,0.5,0.0,FALSE,NA,FALSE,TRUE
2013-12-19,1222,Thurs,5.8,0.0,0.3,TRUE,NA,FALSE,TRUE
2013-12-20,1216,Fri,4.2,0.2,0.0,FALSE,NA,FALSE,FALSE
2013-12-21,574,Sat,5.9,0.0,0.9,TRUE,NA,FALSE,FALSE
2013-12-22,567,Sun,7.4,1.4,0.6,TRUE,NA,FALSE,TRUE
2013-12-23,1082,Mon,6.2,5.4,0.0,FALSE,NA,FALSE,TRUE
2013-12-24,381,Tues,11.2,0.0,0.0,FALSE,NA,FALSE,TRUE
2013-12-25,359,Wed,9.8,0.0,0.0,FALSE,1. Weihnachtstag,TRUE,FALSE
2013-12-26,389,Thurs,4.9,0.0,0.5,TRUE,2. Weihnachtstag,TRUE,FALSE
2013-12-27,904,Fri,6.4,3.1,0.1,TRUE,NA,FALSE,FALSE
2013-12-28,539,Sat,6.7,0.0,0.6,TRUE,NA,FALSE,FALSE
2013-12-29,430,Sun,5.6,0.5,1.5,TRUE,NA,FALSE,TRUE
2013-12-30,1060,Mon,4.4,6.1,0.0,FALSE,NA,FALSE,TRUE
2013-12-31,725,Tues,3.6,3.9,0.0,FALSE,NA,FALSE,TRUE
2014-01-01,382,Wed,1.7,0.7,0.0,FALSE,Neujahr,TRUE,FALSE
2014-01-02,870,Thurs,4.5,0.0,0.9,TRUE,NA,FALSE,TRUE
2014-01-03,1041,Fri,6.4,2.6,0.5,TRUE,NA,FALSE,FALSE
2014-01-04,917,Sat,6.3,3.3,0.5,TRUE,NA,FALSE,FALSE
2014-01-05,421,Sun,4.5,0.1,0.0,FALSE,NA,FALSE,TRUE
2014-01-06,1106,Mon,4.7,0.1,9.8,TRUE,NA,FALSE,TRUE
2014-01-07,1616,Tues,9.5,1.7,0.0,FALSE,NA,FALSE,TRUE
2014-01-08,1237,Wed,8.5,0.1,6.2,TRUE,NA,FALSE,TRUE
2014-01-09,1149,Thurs,8.3,0.0,2.9,TRUE,NA,FALSE,TRUE
2014-01-10,1109,Fri,6.5,0.6,0.1,TRUE,NA,FALSE,FALSE
2014-01-11,571,Sat,5.5,0.0,2.5,TRUE,NA,FALSE,FALSE
2014-01-12,617,Sun,5.0,4.3,0.5,TRUE,NA,FALSE,TRUE
2014-01-13,1222,Mon,2.4,0.0,2.8,TRUE,NA,FALSE,TRUE
2014-01-14,1472,Tues,4.0,0.0,0.0,FALSE,NA,FALSE,TRUE
2014-01-15,1449,Wed,3.2,0.6,0.3,TRUE,NA,FALSE,TRUE
2014-01-16,986,Thurs,1.6,0.0,7.4,TRUE,NA,FALSE,TRUE
2014-01-17,1249,Fri,3.9,0.2,0.2,TRUE,NA,FALSE,FALSE
2014-01-18,816,Sat,4.2,0.0,0.0,FALSE,NA,FALSE,FALSE
2014-01-19,397,Sun,1.5,0.0,0.0,FALSE,NA,FALSE,TRUE
2014-01-20,1097,Mon,-1.4,0.0,0.3,TRUE,NA,FALSE,TRUE
2014-01-21,806,Tues,-2.2,0.0,0.4,TRUE,NA,FALSE,TRUE
2014-01-22,723,Wed,-3.4,0.0,0.0,FALSE,NA,FALSE,TRUE
2014-01-23,854,Thurs,-4.8,3.7,0.0,FALSE,NA,FALSE,TRUE
2014-01-24,745,Fri,-7.9,5.3,0.0,FALSE,NA,FALSE,FALSE
2014-01-25,370,Sat,-10.3,6.0,0.0,FALSE,NA,FALSE,FALSE
2014-01-26,207,Sun,-11.8,7.2,0.2,TRUE,NA,FALSE,TRUE
2014-01-27,489,Mon,-5.1,0.0,1.1,TRUE,NA,FALSE,TRUE
2014-01-28,601,Tues,-2.4,0.0,0.4,TRUE,NA,FALSE,TRUE
2014-01-29,517,Wed,-6.3,0.0,0.0,FALSE,NA,FALSE,TRUE
2014-01-30,584,Thurs,-5.8,0.0,0.1,TRUE,NA,FALSE,TRUE
2014-01-31,533,Fri,-4.4,0.0,0.5,TRUE,NA,FALSE,FALSE
2014-02-01,345,Sat,1.2,0.1,1.2,TRUE,NA,FALSE,FALSE
2014-02-02,367,Sun,3.6,0.4,0.0,FALSE,NA,FALSE,TRUE
2014-02-03,943,Mon,0.6,0.0,0.0,FALSE,NA,FALSE,TRUE
2014-02-04,1234,Tues,1.6,4.9,0.0,FALSE,NA,FALSE,TRUE
2014-02-05,1107,Wed,1.5,6.8,0.0,FALSE,NA,FALSE,TRUE
2014-02-06,1165,Thurs,5.2,1.6,0.0,FALSE,NA,FALSE,TRUE
2014-02-07,890,Fri,6.7,1.2,3.7,TRUE,NA,FALSE,FALSE
2014-02-08,614,Sat,5.8,3.1,3.7,TRUE,NA,FALSE,FALSE
2014-02-09,586,Sun,6.2,5.0,0.2,TRUE,NA,FALSE,TRUE
2014-02-10,1493,Mon,4.8,7.4,0.3,TRUE,NA,FALSE,TRUE
2014-02-11,968,Tues,3.4,0.1,1.7,TRUE,NA,FALSE,TRUE
2014-02-12,1335,Wed,4.9,5.5,2.1,TRUE,NA,FALSE,TRUE
2014-02-13,1216,Thurs,5.4,3.1,8.5,TRUE,NA,FALSE,TRUE
2014-02-14,1170,Fri,4.0,4.7,0.1,TRUE,NA,FALSE,FALSE
2014-02-15,843,Sat,8.7,0.8,0.1,TRUE,NA,FALSE,FALSE
2014-02-16,503,Sun,6.7,2.1,0.3,TRUE,NA,FALSE,TRUE
2014-02-17,1607,Mon,4.4,8.5,0.0,FALSE,NA,FALSE,TRUE
2014-02-18,1574,Tues,5.0,2.9,1.6,TRUE,NA,FALSE,TRUE
2014-02-19,946,Wed,5.4,0.0,2.9,TRUE,NA,FALSE,TRUE
2014-02-20,1582,Thurs,7.6,3.2,0.4,TRUE,NA,FALSE,TRUE
2014-02-21,1065,Fri,7.1,0.5,1.4,TRUE,NA,FALSE,FALSE
2014-02-22,1068,Sat,5.6,6.2,0.0,FALSE,NA,FALSE,FALSE
2014-02-23,1201,Sun,6.2,8.1,0.0,FALSE,NA,FALSE,TRUE
2014-02-24,1851,Mon,6.8,8.6,0.0,FALSE,NA,FALSE,TRUE
2014-02-25,1944,Tues,7.4,8.8,0.0,FALSE,NA,FALSE,TRUE
2014-02-26,1807,Wed,7.4,5.9,0.4,TRUE,NA,FALSE,TRUE
2014-02-27,1786,Thurs,6.9,1.6,0.0,FALSE,NA,FALSE,TRUE
2014-02-28,1658,Fri,6.3,1.7,1.4,TRUE,NA,FALSE,FALSE
2014-03-01,1205,Sat,3.7,4.2,0.0,FALSE,NA,FALSE,FALSE
2014-03-02,952,Sun,5.4,2.6,0.0,FALSE,NA,FALSE,TRUE
2014-03-03,1879,Mon,5.2,8.4,0.0,FALSE,NA,FALSE,TRUE
2014-03-04,1882,Tues,5.6,4.5,0.0,FALSE,NA,FALSE,TRUE
2014-03-05,1677,Wed,4.3,0.0,0.0,FALSE,NA,FALSE,TRUE
2014-03-06,1908,Thurs,5.4,5.7,0.0,FALSE,NA,FALSE,TRUE
2014-03-07,1854,Fri,7.0,6.8,0.0,FALSE,NA,FALSE,FALSE
2014-03-08,1576,Sat,5.8,10.0,0.0,FALSE,NA,FALSE,FALSE
2014-03-09,1807,Sun,10.9,10.1,0.0,FALSE,NA,FALSE,TRUE
2014-03-10,2326,Mon,9.9,10.6,0.0,FALSE,NA,FALSE,TRUE
2014-03-11,2458,Tues,4.5,10.8,0.0,FALSE,NA,FALSE,TRUE
2014-03-12,2371,Wed,4.4,11.2,0.0,FALSE,NA,FALSE,TRUE
2014-03-13,2383,Thurs,7.1,10.9,0.0,FALSE,NA,FALSE,TRUE
2014-03-14,2087,Fri,6.7,6.4,2.8,TRUE,NA,FALSE,FALSE
2014-03-15,585,Sat,6.4,6.9,3.7,TRUE,NA,FALSE,FALSE
2014-03-16,294,Sun,7.1,0.0,0.1,TRUE,NA,FALSE,TRUE
2014-03-17,1358,Mon,8.4,1.3,0.1,TRUE,NA,FALSE,TRUE
2014-03-18,1705,Tues,8.9,0.8,1.8,TRUE,NA,FALSE,TRUE
2014-03-19,1729,Wed,8.1,0.3,0.1,TRUE,NA,FALSE,TRUE
2014-03-20,2570,Thurs,13.0,9.7,0.0,FALSE,NA,FALSE,TRUE
2014-03-21,1627,Fri,9.2,0.6,3.6,TRUE,NA,FALSE,FALSE
2014-03-22,2075,Sat,6.9,2.1,1.6,TRUE,NA,FALSE,FALSE
2014-03-23,1284,Sun,6.5,8.5,0.0,FALSE,NA,FALSE,TRUE
2014-03-24,2207,Mon,5.6,7.1,0.0,FALSE,NA,FALSE,TRUE
2014-03-25,2067,Tues,5.2,4.5,2.7,TRUE,NA,FALSE,TRUE
2014-03-26,1916,Wed,5.5,6.5,0.0,FALSE,NA,FALSE,TRUE
2014-03-27,2405,Thurs,3.9,5.7,0.0,FALSE,NA,FALSE,TRUE
2014-03-28,1900,Fri,5.7,1.7,0.0,FALSE,NA,FALSE,FALSE
2014-03-29,1671,Sat,6.5,6.0,0.0,FALSE,NA,FALSE,FALSE
2014-03-30,1932,Sun,7.8,10.0,0.0,FALSE,NA,FALSE,TRUE
2014-03-31,2713,Mon,5.3,5.5,0.0,FALSE,NA,FALSE,TRUE
2014-04-01,2359,Tues,5.5,0.6,0.0,FALSE,NA,FALSE,TRUE
2014-04-02,2338,Wed,9.0,3.2,0.0,FALSE,NA,FALSE,TRUE
2014-04-03,2823,Thurs,6.8,11.0,0.0,FALSE,NA,FALSE,TRUE
2014-04-05,814,Sat,7.3,0.0,1.2,TRUE,NA,FALSE,FALSE
2014-04-06,1182,Sun,11.4,1.4,7.3,TRUE,NA,FALSE,TRUE
2014-04-07,2251,Mon,14.1,3.1,0.0,FALSE,NA,FALSE,TRUE
2014-04-08,2184,Tues,11.7,5.2,1.9,TRUE,NA,FALSE,TRUE
2014-04-09,1732,Wed,7.9,1.1,0.1,TRUE,NA,FALSE,TRUE
2014-04-10,2274,Thurs,6.8,4.1,0.0,FALSE,NA,FALSE,TRUE
2014-04-11,2416,Fri,8.9,5.0,0.0,FALSE,NA,FALSE,FALSE
2014-04-12,1974,Sat,8.3,9.8,0.2,TRUE,NA,FALSE,FALSE
2014-04-13,984,Sun,9.3,8.3,1.7,TRUE,NA,FALSE,TRUE
2014-04-14,1178,Mon,7.2,1.2,0.6,TRUE,NA,FALSE,TRUE
2014-04-15,2155,Tues,7.5,6.7,0.0,FALSE,NA,FALSE,TRUE
2014-04-16,2739,Wed,7.0,13.7,0.0,FALSE,NA,FALSE,TRUE
2014-04-17,2313,Thurs,10.5,10.2,3.8,TRUE,NA,FALSE,TRUE
2014-04-18,769,Fri,7.4,7.9,1.0,TRUE,Karfreitag,TRUE,FALSE
2014-04-19,1947,Sat,8.5,13.8,0.0,FALSE,NA,FALSE,FALSE
2014-04-20,1559,Sun,11.5,12.8,0.1,TRUE,NA,FALSE,TRUE
2014-04-21,1351,Mon,13.1,6.9,0.4,TRUE,Ostermontag,TRUE,FALSE
2014-04-22,2787,Tues,13.6,7.2,4.0,TRUE,NA,FALSE,TRUE
2014-04-23,2408,Wed,10.0,1.3,0.0,FALSE,NA,FALSE,TRUE
2014-04-24,2674,Thurs,8.5,2.4,0.0,FALSE,NA,FALSE,TRUE
2014-04-25,3267,Fri,11.6,13.0,0.0,FALSE,NA,FALSE,FALSE
2014-04-26,2472,Sat,12.2,12.8,0.0,FALSE,NA,FALSE,FALSE
2014-04-27,2546,Sun,13.7,13.5,0.0,FALSE,NA,FALSE,TRUE
2014-04-28,3411,Mon,11.4,14.2,0.0,FALSE,NA,FALSE,TRUE
2014-04-29,3699,Tues,11.4,14.0,0.0,FALSE,NA,FALSE,TRUE
2014-04-30,3440,Wed,13.2,11.7,0.0,FALSE,NA,FALSE,TRUE
2014-05-01,2848,Thurs,9.5,11.9,0.0,FALSE,Maifeiertag,TRUE,FALSE
2014-05-02,2066,Fri,8.1,5.2,0.0,FALSE,NA,FALSE,FALSE
2014-05-03,2182,Sat,8.1,13.5,0.0,FALSE,NA,FALSE,FALSE
2014-05-04,1066,Sun,8.7,8.7,0.0,FALSE,NA,FALSE,TRUE
2014-05-05,2754,Mon,8.8,4.5,0.0,FALSE,NA,FALSE,TRUE
2014-05-06,2747,Tues,13.4,3.4,6.0,TRUE,NA,FALSE,TRUE
2014-05-07,1539,Wed,12.0,5.5,2.5,TRUE,NA,FALSE,TRUE
2014-05-08,1610,Thurs,10.7,0.7,9.8,TRUE,NA,FALSE,TRUE
2014-05-09,1472,Fri,11.0,1.3,5.2,TRUE,NA,FALSE,FALSE
2014-05-10,999,Sat,11.6,0.3,2.9,TRUE,NA,FALSE,FALSE
2014-05-11,583,Sun,11.6,1.6,1.5,TRUE,NA,FALSE,TRUE
2014-05-12,1774,Mon,11.6,3.1,4.3,TRUE,NA,FALSE,TRUE
2014-05-13,2380,Tues,10.6,5.5,0.3,TRUE,NA,FALSE,TRUE
2014-05-14,1690,Wed,9.8,0.2,1.3,TRUE,NA,FALSE,TRUE
2014-05-15,2678,Thurs,10.1,10.3,0.0,FALSE,NA,FALSE,TRUE
2014-05-16,2912,Fri,11.1,14.4,0.0,FALSE,NA,FALSE,FALSE
2014-05-17,2540,Sat,13.1,15.3,0.0,FALSE,NA,FALSE,FALSE
2014-05-18,764,Sun,12.2,0.1,2.1,TRUE,NA,FALSE,TRUE
2014-05-19,2103,Mon,13.6,1.0,4.5,TRUE,NA,FALSE,TRUE
2014-05-20,3776,Tues,15.9,14.9,0.0,FALSE,NA,FALSE,TRUE
2014-05-21,4089,Wed,22.4,14.0,0.0,FALSE,NA,FALSE,TRUE
2014-05-22,3740,Thurs,22.3,13.1,0.0,FALSE,NA,FALSE,TRUE
2014-05-23,2637,Fri,17.1,7.2,0.0,FALSE,NA,FALSE,FALSE
2014-05-24,2403,Sat,14.7,9.1,0.0,FALSE,NA,FALSE,FALSE
2014-05-25,2296,Sun,16.2,13.8,0.0,FALSE,NA,FALSE,TRUE
2014-05-26,3619,Mon,16.4,13.3,0.0,FALSE,NA,FALSE,TRUE
2014-05-27,2518,Tues,13.1,2.1,0.2,TRUE,NA,FALSE,TRUE
2014-05-28,1851,Wed,9.9,0.0,0.0,FALSE,NA,FALSE,TRUE
2014-05-29,2407,Thurs,10.5,8.5,0.0,FALSE,Christi Himmelfahrt,TRUE,FALSE
2014-05-30,2753,Fri,13.7,13.6,0.0,FALSE,NA,FALSE,FALSE
2014-05-31,1851,Sat,13.3,8.9,0.0,FALSE,NA,FALSE,FALSE
2014-06-01,1677,Sun,12.4,5.5,0.0,FALSE,NA,FALSE,TRUE
2014-06-10,3083,Tues,19.6,10.9,0.1,TRUE,NA,FALSE,TRUE
2014-06-11,1741,Wed,17.8,0.5,19.7,TRUE,NA,FALSE,TRUE
2014-06-12,3164,Thurs,16.7,13.4,0.0,FALSE,NA,FALSE,TRUE
2014-06-13,2188,Fri,15.5,5.9,6.8,TRUE,NA,FALSE,FALSE
2014-06-14,2084,Sat,15.8,10.1,0.0,FALSE,NA,FALSE,FALSE
2014-06-15,2498,Sun,16.5,16.3,0.0,FALSE,NA,FALSE,TRUE
2014-06-16,3259,Mon,15.6,4.1,0.0,FALSE,NA,FALSE,TRUE
2014-06-17,3604,Tues,16.6,15.0,0.0,FALSE,NA,FALSE,TRUE
2014-06-18,3589,Wed,16.3,10.8,0.0,FALSE,NA,FALSE,TRUE
2014-06-19,2010,Thurs,15.3,0.7,1.9,TRUE,NA,FALSE,TRUE
2014-06-21,1267,Sat,14.9,7.3,9.4,TRUE,NA,FALSE,FALSE
2014-06-22,1114,Sun,14.4,12.2,0.0,FALSE,NA,FALSE,TRUE
2014-06-23,2756,Mon,14.4,7.6,1.4,TRUE,NA,FALSE,TRUE
2014-06-24,2644,Tues,14.1,6.9,0.5,TRUE,NA,FALSE,TRUE
2014-06-25,3247,Wed,15.4,12.3,0.0,FALSE,NA,FALSE,TRUE
2014-06-26,3289,Thurs,15.4,14.2,0.0,FALSE,NA,FALSE,TRUE
2014-06-27,3068,Fri,18.3,11.9,0.5,TRUE,NA,FALSE,FALSE
2014-06-28,1253,Sat,16.4,3.4,7.2,TRUE,NA,FALSE,FALSE
2014-06-29,812,Sun,15.4,1.9,10.3,TRUE,NA,FALSE,TRUE
2014-06-30,2865,Mon,15.7,9.6,0.0,FALSE,NA,FALSE,TRUE
2014-07-01,1345,Tues,15.6,11.0,2.1,TRUE,NA,FALSE,TRUE
2014-07-02,2462,Wed,14.9,6.6,18.5,TRUE,NA,FALSE,TRUE
2014-07-03,3401,Thurs,17.8,6.7,0.0,FALSE,NA,FALSE,TRUE
2014-07-04,3260,Fri,21.6,14.2,0.0,FALSE,NA,FALSE,FALSE
2014-07-05,2047,Sat,21.9,5.2,12.2,TRUE,NA,FALSE,FALSE
2014-07-06,1960,Sun,22.8,13.3,0.0,FALSE,NA,FALSE,TRUE
2014-07-07,3045,Mon,20.0,7.1,0.0,FALSE,NA,FALSE,TRUE
2014-07-08,2353,Tues,20.1,1.9,7.8,TRUE,NA,FALSE,TRUE
2014-07-09,3130,Wed,22.7,13.2,0.0,FALSE,NA,FALSE,TRUE
2014-07-10,3456,Thurs,19.8,15.9,0.0,FALSE,NA,FALSE,TRUE
2014-07-11,3275,Fri,18.3,13.5,0.0,FALSE,NA,FALSE,FALSE
2014-07-12,1490,Sat,16.9,6.2,0.2,TRUE,NA,FALSE,FALSE
2014-07-13,1376,Sun,17.3,2.8,5.5,TRUE,NA,FALSE,TRUE
2014-07-14,1602,Mon,17.5,2.1,1.8,TRUE,NA,FALSE,TRUE
2014-07-15,3406,Tues,19.2,8.7,0.0,FALSE,NA,FALSE,TRUE
2014-07-16,3456,Wed,18.8,9.2,0.0,FALSE,NA,FALSE,TRUE
2014-07-17,3541,Thurs,19.0,12.7,0.0,FALSE,NA,FALSE,TRUE
2014-07-18,3370,Fri,20.1,15.0,0.0,FALSE,NA,FALSE,FALSE
2014-07-19,2410,Sat,21.4,15.5,0.0,FALSE,NA,FALSE,FALSE
2014-07-20,2070,Sun,21.7,13.2,0.0,FALSE,NA,FALSE,TRUE
2014-07-21,3355,Mon,21.6,14.2,0.0,FALSE,NA,FALSE,TRUE
2014-07-22,3520,Tues,19.9,15.0,0.0,FALSE,NA,FALSE,TRUE
2014-07-23,3295,Wed,19.4,15.1,0.0,FALSE,NA,FALSE,TRUE
2014-07-24,3324,Thurs,19.3,9.8,0.0,FALSE,NA,FALSE,TRUE
2014-07-25,2856,Fri,21.3,6.3,0.0,FALSE,NA,FALSE,FALSE
2014-07-26,2368,Sat,21.1,8.4,0.0,FALSE,NA,FALSE,FALSE
2014-07-27,1708,Sun,20.8,6.0,8.1,TRUE,NA,FALSE,TRUE
2014-07-28,3231,Mon,20.8,11.9,0.0,FALSE,NA,FALSE,TRUE
2014-07-29,3418,Tues,21.2,9.7,9.6,TRUE,NA,FALSE,TRUE
2014-07-30,1719,Wed,19.6,0.1,3.8,TRUE,NA,FALSE,TRUE
2014-07-31,3462,Thurs,19.8,13.1,0.0,FALSE,NA,FALSE,TRUE
2014-08-01,3280,Fri,22.6,13.4,0.0,FALSE,NA,FALSE,FALSE
2014-08-02,2683,Sat,22.2,4.3,0.0,FALSE,NA,FALSE,FALSE
2014-08-03,1950,Sun,21.3,5.7,11.2,TRUE,NA,FALSE,TRUE
2014-08-04,2870,Mon,21.0,4.9,0.0,FALSE,NA,FALSE,TRUE
2014-08-05,3359,Tues,20.3,3.5,0.7,TRUE,NA,FALSE,TRUE
2014-08-06,3886,Wed,20.5,11.7,0.0,FALSE,NA,FALSE,TRUE
2014-08-07,3518,Thurs,19.5,3.5,4.1,TRUE,NA,FALSE,TRUE
2014-08-08,4403,Fri,19.6,11.4,0.0,FALSE,NA,FALSE,FALSE
2014-08-09,2783,Sat,20.2,8.2,2.7,TRUE,NA,FALSE,FALSE
2014-08-10,2863,Sun,20.1,2.4,0.0,FALSE,NA,FALSE,TRUE
2014-08-11,3221,Mon,19.2,10.1,0.0,FALSE,NA,FALSE,TRUE
2014-08-12,3111,Tues,16.9,8.7,0.7,TRUE,NA,FALSE,TRUE
2014-08-13,3174,Wed,18.4,9.7,0.2,TRUE,NA,FALSE,TRUE
2014-08-14,3075,Thurs,18.1,9.7,1.1,TRUE,NA,FALSE,TRUE
2014-08-15,2668,Fri,17.1,8.7,3.2,TRUE,NA,FALSE,FALSE
2014-08-16,1609,Sat,16.7,4.7,2.6,TRUE,NA,FALSE,FALSE
2014-08-17,1087,Sun,15.3,0.5,0.8,TRUE,NA,FALSE,TRUE
2014-08-18,2109,Mon,14.9,7.8,1.8,TRUE,NA,FALSE,TRUE
2014-08-19,2290,Tues,13.9,6.8,4.6,TRUE,NA,FALSE,TRUE
2014-08-20,2230,Wed,13.5,6.4,0.4,TRUE,NA,FALSE,TRUE
2014-08-21,2794,Thurs,13.5,7.9,0.0,FALSE,NA,FALSE,TRUE
2014-08-22,2317,Fri,15.0,5.0,1.8,TRUE,NA,FALSE,FALSE
2014-08-23,1598,Sat,13.6,6.7,0.0,FALSE,NA,FALSE,FALSE
2014-08-24,1529,Sun,13.6,9.0,0.0,FALSE,NA,FALSE,TRUE
2014-08-25,2716,Mon,12.7,6.6,0.0,FALSE,NA,FALSE,TRUE
2014-08-26,3253,Tues,14.3,12.8,0.0,FALSE,NA,FALSE,TRUE
2014-08-27,3246,Wed,16.6,12.3,0.0,FALSE,NA,FALSE,TRUE
2014-08-28,3466,Thurs,16.0,12.3,0.0,FALSE,NA,FALSE,TRUE
2014-08-29,2171,Fri,16.5,0.7,0.4,TRUE,NA,FALSE,FALSE
2014-08-30,1544,Sat,16.6,0.6,1.9,TRUE,NA,FALSE,FALSE
2014-08-31,1165,Sun,15.8,3.3,1.5,TRUE,NA,FALSE,TRUE
2014-09-01,2330,Mon,16.2,0.3,0.6,TRUE,NA,FALSE,TRUE
2014-09-02,3268,Tues,16.4,10.8,0.0,FALSE,NA,FALSE,TRUE
2014-09-03,3267,Wed,16.4,11.4,0.0,FALSE,NA,FALSE,TRUE
2014-09-04,3380,Thurs,17.1,12.9,0.0,FALSE,NA,FALSE,TRUE
2014-09-05,3223,Fri,19.5,10.7,0.0,FALSE,NA,FALSE,FALSE
2014-09-06,2346,Sat,20.4,12.0,3.8,TRUE,NA,FALSE,FALSE
2014-09-07,1592,Sun,17.8,4.0,0.4,TRUE,NA,FALSE,TRUE
2014-09-08,2902,Mon,16.6,9.6,0.0,FALSE,NA,FALSE,TRUE
2014-09-09,2787,Tues,15.2,7.5,4.4,TRUE,NA,FALSE,TRUE
2014-09-10,2189,Wed,15.7,5.4,2.8,TRUE,NA,FALSE,TRUE
2014-09-11,2906,Thurs,15.9,8.9,0.0,FALSE,NA,FALSE,TRUE
2014-09-12,2641,Fri,16.6,8.4,0.0,FALSE,NA,FALSE,FALSE
2014-09-13,1001,Sat,16.6,0.0,9.5,TRUE,NA,FALSE,FALSE
2014-09-14,665,Sun,16.9,0.0,3.0,TRUE,NA,FALSE,TRUE
2014-09-15,3056,Mon,18.8,9.9,0.0,FALSE,NA,FALSE,TRUE
2014-09-16,3340,Tues,18.4,11.1,0.0,FALSE,NA,FALSE,TRUE
2014-09-17,3345,Wed,17.4,11.5,0.0,FALSE,NA,FALSE,TRUE
2014-09-18,3302,Thurs,17.9,11.0,0.0,FALSE,NA,FALSE,TRUE
2014-09-19,3032,Fri,17.5,11.3,0.0,FALSE,NA,FALSE,FALSE
2014-09-20,2268,Sat,14.8,2.5,0.0,FALSE,NA,FALSE,FALSE
2014-09-21,1089,Sun,15.8,3.4,0.9,TRUE,NA,FALSE,TRUE
2014-09-22,1528,Mon,12.9,0.7,1.0,TRUE,NA,FALSE,TRUE
2014-09-23,2707,Tues,12.4,10.5,0.0,FALSE,NA,FALSE,TRUE
2014-09-24,2371,Wed,13.4,1.2,0.7,TRUE,NA,FALSE,TRUE
2014-09-25,1980,Thurs,14.0,1.4,3.2,TRUE,NA,FALSE,TRUE
2014-09-26,2060,Fri,15.1,0.0,0.0,FALSE,NA,FALSE,FALSE
2014-09-27,1863,Sat,14.6,9.8,0.0,FALSE,NA,FALSE,FALSE
2014-09-28,1659,Sun,14.4,4.9,0.0,FALSE,NA,FALSE,TRUE
2014-09-29,2901,Mon,15.0,7.3,2.3,TRUE,NA,FALSE,TRUE
2014-09-30,1698,Tues,15.0,0.1,8.9,TRUE,NA,FALSE,TRUE
2014-10-01,2515,Wed,15.4,3.6,0.7,TRUE,NA,FALSE,TRUE
2014-10-02,2579,Thurs,15.6,4.9,0.0,FALSE,NA,FALSE,TRUE
2014-10-03,1460,Fri,16.7,0.3,0.0,FALSE,Tag der Deutschen Einheit,TRUE,FALSE
2014-10-04,1988,Sat,14.6,10.3,0.0,FALSE,NA,FALSE,FALSE
2014-10-05,1610,Sun,12.8,NA,0.0,FALSE,NA,FALSE,TRUE
2014-10-06,2534,Mon,12.3,7.2,0.0,FALSE,NA,FALSE,TRUE
2014-10-07,1803,Tues,12.0,0.1,10.8,TRUE,NA,FALSE,TRUE
2014-10-08,2119,Wed,13.1,3.3,3.0,TRUE,NA,FALSE,TRUE
2014-10-09,1947,Thurs,16.6,2.1,0.1,TRUE,NA,FALSE,TRUE
2014-10-10,2342,Fri,14.9,7.1,0.0,FALSE,NA,FALSE,FALSE
2014-10-11,1810,Sat,14.2,5.2,1.4,TRUE,NA,FALSE,FALSE
2014-10-12,1420,Sun,13.2,2.9,3.7,TRUE,NA,FALSE,TRUE
2014-10-13,1361,Mon,12.9,0.0,5.7,TRUE,NA,FALSE,TRUE
2014-10-14,2165,Tues,13.4,0.0,0.7,TRUE,NA,FALSE,TRUE
2014-10-15,2240,Wed,12.3,0.1,5.9,TRUE,NA,FALSE,TRUE
2014-10-16,2167,Thurs,12.7,0.2,0.1,TRUE,NA,FALSE,TRUE
2014-10-17,1851,Fri,13.5,0.0,2.1,TRUE,NA,FALSE,FALSE
2014-10-18,1416,Sat,14.1,0.0,0.0,FALSE,NA,FALSE,FALSE
2014-10-19,1591,Sun,16.8,5.5,9.6,TRUE,NA,FALSE,TRUE
2014-10-20,1648,Mon,14.4,4.3,0.9,TRUE,NA,FALSE,TRUE
2014-10-21,1704,Tues,12.0,0.0,6.6,TRUE,NA,FALSE,TRUE
2014-10-22,1723,Wed,12.3,1.3,0.0,FALSE,NA,FALSE,TRUE
2014-10-23,1923,Thurs,11.6,0.0,0.0,FALSE,NA,FALSE,TRUE
2014-10-24,1840,Fri,10.3,0.0,0.0,FALSE,NA,FALSE,FALSE
2014-10-25,841,Sat,9.6,0.1,0.5,TRUE,NA,FALSE,FALSE
2014-10-26,1244,Sun,12.5,4.6,0.0,FALSE,NA,FALSE,TRUE
2014-10-27,2374,Mon,13.0,7.3,0.0,FALSE,NA,FALSE,TRUE
2014-10-28,2463,Tues,9.7,8.6,0.0,FALSE,NA,FALSE,TRUE
2014-10-29,1756,Wed,7.1,0.0,2.3,TRUE,NA,FALSE,TRUE
2014-10-30,2238,Thurs,8.9,6.3,0.0,FALSE,NA,FALSE,TRUE
2014-10-31,1220,Fri,10.9,0.0,0.0,FALSE,Reformationstag,TRUE,FALSE
2014-11-01,1633,Sat,13.5,5.0,0.0,FALSE,NA,FALSE,FALSE
2014-11-02,1353,Sun,13.5,4.0,0.1,TRUE,NA,FALSE,TRUE
2014-11-03,2179,Mon,14.0,3.8,0.0,FALSE,NA,FALSE,TRUE
2014-11-04,2140,Tues,12.4,0.2,1.0,TRUE,NA,FALSE,TRUE
2014-11-05,2123,Wed,11.6,0.1,0.2,TRUE,NA,FALSE,TRUE
2014-11-07,2133,Fri,7.1,7.3,0.0,FALSE,NA,FALSE,FALSE
2014-11-08,1278,Sat,8.5,3.8,0.0,FALSE,NA,FALSE,FALSE
2014-11-09,920,Sun,8.0,4.0,0.0,FALSE,NA,FALSE,TRUE
2014-11-10,2002,Mon,8.7,0.0,0.0,FALSE,NA,FALSE,TRUE
2014-11-11,2078,Tues,6.5,0.1,0.0,FALSE,NA,FALSE,TRUE
2014-11-12,1848,Wed,10.1,0.0,0.1,TRUE,NA,FALSE,TRUE
2014-11-13,2017,Thurs,10.2,0.0,0.0,FALSE,NA,FALSE,TRUE
2014-11-14,1919,Fri,9.6,0.0,0.0,FALSE,NA,FALSE,FALSE
2014-11-15,1066,Sat,9.2,0.0,0.0,FALSE,NA,FALSE,FALSE
2014-11-16,582,Sun,7.7,0.0,1.3,TRUE,NA,FALSE,TRUE
2014-11-17,2069,Mon,8.1,0.0,0.0,FALSE,NA,FALSE,TRUE
2014-11-18,1893,Tues,7.4,0.0,0.4,TRUE,NA,FALSE,TRUE
2014-11-19,1987,Wed,6.8,0.0,0.1,TRUE,NA,FALSE,TRUE
2014-11-20,1913,Thurs,7.5,0.3,2.3,TRUE,NA,FALSE,TRUE
2014-11-21,1771,Fri,7.5,0.0,0.0,FALSE,NA,FALSE,FALSE
2014-11-22,977,Sat,4.6,0.0,0.6,TRUE,NA,FALSE,FALSE
2014-11-23,565,Sun,6.3,0.5,0.3,TRUE,NA,FALSE,TRUE
2014-11-24,1447,Mon,8.1,3.1,5.9,TRUE,NA,FALSE,TRUE
2014-11-25,1965,Tues,6.6,6.1,0.0,FALSE,NA,FALSE,TRUE
2014-11-26,1943,Wed,4.2,0.7,0.0,FALSE,NA,FALSE,TRUE
2014-11-27,1725,Thurs,2.7,4.5,0.0,FALSE,NA,FALSE,TRUE
2014-11-28,1426,Fri,0.8,0.3,0.0,FALSE,NA,FALSE,FALSE
2014-11-29,773,Sat,-0.9,NA,0.0,FALSE,NA,FALSE,FALSE
2014-11-30,445,Sun,-2.1,0.0,0.0,FALSE,NA,FALSE,TRUE
2014-12-02,1373,Tues,-3.2,1.3,0.0,FALSE,NA,FALSE,TRUE
2014-12-03,1366,Wed,-2.2,0.0,0.0,FALSE,NA,FALSE,TRUE
2014-12-04,1496,Thurs,1.9,0.0,0.0,FALSE,NA,FALSE,TRUE
2014-12-05,1251,Fri,1.9,0.0,1.6,TRUE,NA,FALSE,FALSE
2014-12-06,876,Sat,3.8,0.2,0.2,TRUE,NA,FALSE,FALSE
2014-12-07,573,Sun,2.6,1.2,3.0,TRUE,NA,FALSE,TRUE
2014-12-08,1572,Mon,4.0,1.6,0.1,TRUE,NA,FALSE,TRUE
2014-12-09,1603,Tues,3.4,0.0,0.0,FALSE,NA,FALSE,TRUE
2014-12-10,1068,Wed,3.4,0.0,2.7,TRUE,NA,FALSE,TRUE
2014-12-11,1215,Thurs,4.0,0.1,0.7,TRUE,NA,FALSE,TRUE
2014-12-12,920,Fri,5.7,0.0,4.9,TRUE,NA,FALSE,FALSE
2014-12-14,533,Sun,1.7,0.0,0.0,FALSE,NA,FALSE,TRUE
2014-12-19,955,Fri,8.8,0.1,10.5,TRUE,NA,FALSE,FALSE
2014-12-20,512,Sat,5.2,0.2,6.1,TRUE,NA,FALSE,FALSE
2014-12-21,460,Sun,6.2,0.2,10.5,TRUE,NA,FALSE,TRUE
2014-12-22,487,Mon,9.5,0.0,17.7,TRUE,NA,FALSE,TRUE
2014-12-23,481,Tues,9.2,0.0,25.7,TRUE,NA,FALSE,TRUE
2014-12-24,320,Wed,8.1,2.0,1.0,TRUE,NA,FALSE,TRUE
2014-12-25,152,Thurs,4.1,0.0,5.4,TRUE,1. Weihnachtstag,TRUE,FALSE
2014-12-26,345,Fri,0.0,5.6,0.0,FALSE,2. Weihnachtstag,TRUE,FALSE
2014-12-27,628,Sat,-2.5,5.8,0.0,FALSE,NA,FALSE,FALSE
2014-12-28,432,Sun,0.1,5.5,8.2,TRUE,NA,FALSE,TRUE
2014-12-29,344,Mon,-0.9,6.3,0.6,TRUE,NA,FALSE,TRUE
2014-12-30,356,Tues,2.2,0.0,0.6,TRUE,NA,FALSE,TRUE
2014-12-31,425,Wed,5.4,0.1,0.3,TRUE,NA,FALSE,TRUE
